CourseNumber,CourseName,Instructor
MATH 100,Survey of Mathematics,Sarah I. Post
MATH 111,Math for Elementary Teachers I,Tanner M. Johnson
MATH 112,Math for Elementary Teachers II,Hugh E. Chou
MATH 134,Precalculus: Elementary Functions,Joshua D. Parker
MATH 134,Precalculus: Elementary Functions,Sydney L. Fields
MATH 134,Precalculus: Elementary Functions,Lynette Joy Agaroli
MATH 140X,Precalculus,John C. Robertson
MATH 140X,Precalculus,Dale W. Myers
MATH 161,Precalculus and Elements of Calculus for Economics and the Social Sciences,Lynette Joy Agaroli
MATH 215,Applied Calculus I,Daisuke Takae
MATH 216,Applied Calculus II,Elizabeth A. Gross
MATH 241,Calculus I,Julian O. Hachmeister
MATH 241,Calculus I,Erik Guentner
MATH 241,Calculus I,Sarah I. Post
MATH 241,Calculus I,Drew M. Polakowski
MATH 242,Calculus II,Arturo Jaime
MATH 242,Calculus II,Lyon W. Lanerolle
MATH 242,Calculus II,Daniel Erman
MATH 242,Calculus II,Nicolas Antin
MATH 242,Calculus II,Hugh E. Chou
MATH 242,Calculus II,Mirjana Jovovic
MATH 243,Calculus III,Arturo Jaime
MATH 243,Calculus III,Chuang Xu
MATH 243,Calculus III,Forrest Glebe
MATH 244,Calculus IV,Drew M. Polakowski
MATH 244,Calculus IV,Brittany Leathers
MATH 244,Calculus IV,Kenneth Corea
MATH 252A,Accelerated Calculus II,Yuriy Mileyko
MATH 253A,Accelerated Calculus III,Matthew Romney
MATH 302,Introduction to Differential Equations I,Lyon W. Lanerolle
MATH 302,Introduction to Differential Equations I,Julian O. Hachmeister
MATH 307,Linear Algebra and Differential Equations,Julian O. Hachmeister
MATH 307,Linear Algebra and Differential Equations,Kenneth Corea
MATH 307,Linear Algebra and Differential Equations,Rufus Willett
MATH 307,Linear Algebra and Differential Equations,John C. Robertson
MATH 311,Introduction to Linear Algebra,Chuang Xu
MATH 321,Introduction to Advanced Mathematics,Karl H. Dovermann
MATH 331,Introduction to Real Analysis,Mirjana Jovovic
MATH 372,Elementary Probability and Statistics,Max David Bacharach
